Tweet ID,Text,Location,label
1654499204243374082,hola crunchyroll con motivo del cumple de gon de hunterxhunter y luffy onepiece el 5 de mayo el 9 de mayo el gokuday de dragonball Â¿podrian un dÃ­a hacer un especial y stream de esos personajes que nos gustanğŸ˜ŠğŸ§¡ sekkyoku hazustark serÃ­a muy chido y guay saludosğŸ‘ğŸ˜ŠğŸ‘Œ,Argentina,ARG
1652705147850555392,me enseÃ±Ã³ que la confianza es lo mÃ¡s heavy que hay Â¿moviste peri y fue guay mejor no cantes como mary j blige increÃ­ble danoziontifik te amo hdp,Argentina,ES
1650141627627831298,guay tiene el efecto navarro lo de jugar a la maÃ±ana no le sienta hasta ahora 1 bien y 5 mal,Argentina,ES
1649940473023283202,ginlagatita obvioooooo las mÃ¡s guay bella y con ojazos del unviersoğŸ¥°ğŸ˜ğŸ¥°ğŸ˜ğŸ˜ y ahhhjjj abogatağŸ¤—ğŸ¤—ğŸ¤—ğŸ¤—,Argentina,ARG
1651406771834048515,pichetto lleva la misma receta que de la torre con eso del trumpismo cutre pero miguel en pba lo apoya a santilli ğŸ˜µâ€ğŸ’«,Argentina,ARG
1656321792108052482,maartinveliz ratabets ala chaval tu si que sabes,Argentina,ES
1654832387564400645,gerardo gandini y a pesar de la adolescencia dorada del chaval ya tiene edad suficiente para escucharlo y disfrutarlo suelten,Argentina,ARG
1654199817449492494,franciscorp22 el chaval cafetero era hora que se ponga a punto fÃ­sicamente pero san lucas no puede salir,Argentina,ES
1652553894549913600,elpardua fui a la tornopleteria y habÃ­a cerrado por suerte ahÃ­ nomÃ¡s me tropecÃ© con un carnisolÃ­n de taburete que alguien habÃ­a botado en la acera Â¡enhorabuena chaval me dije y lo he adaptado con un poco de fuerza centrÃ­peta casi es un tornoplete,Argentina,ES
1652240254412238849,claro que si chaval âšªï¸ğŸ”´âšªï¸,Argentina,ES
1650140438274142208,muy mamÃ¡ venÃ­ a jugar un partido en el norte ğŸ‡¦ğŸ‡· y te morÃ­s chaval jajaja ğŸ˜‚ğŸ˜‚ğŸ˜‚,Argentina,ARG
1646973284133527559,ğŸŒhoy paja grupal con camara abierta para el que quierağŸŒ 2100hsğŸ‡¦ğŸ‡· 1800hsğŸ‡²ğŸ‡½ 200hsğŸ‡ªğŸ‡¸ link rt asi crezca la comunidad mas pajera y ramdon de internet ğŸ˜› twink videollamada skype vivo gayargentina gaymexico gayespaÃ±a pibe chavo chaval,Argentina,ARG
1654949010233278465,florcit0 son unos salchichas manipuladores sin cojones a ver hablando en serio los buenos empleados que quieran hacer hÃ­brido o remoto 100 se vana ir a otra empresa que se los permita se van a quedar con la escoria,Argentina,ES
1654560981505253377,disen ser buenos y resultan gusanos ami sin cojones que tu seas fulanoğŸ‘¹,Argentina,ES
1654352414802321408,linasproused carol52675519 eduaguirre7 tiene mÃ¡s cojones que Ã©l hasta saliÃ³ a felicitar a la fifa por su mundial,Argentina,ES
1654293692969021440,que cojones todavÃ­a yo te quiero,Argentina,ES
1653529000826875905,pa quÃ© cojones sirve arrepentirse,Argentina,ES
1653186417751740416,conseguirÃ¡ apoyo del electorado si ganase podrÃ­a hacer una buena gestiÃ³n no es cuestiÃ³n solamente de imagen fÃ­sica o carisma sino de cojones,Argentina,ES
1652155696715005952,ustedes tienen cojones a cuenta de otro ğŸ˜†ğŸ˜†,Argentina,ES
1651821003100631041,delfinawagner solanogod feo de cojones en bcn estaba copito de nieve en mi Ã©poca,Argentina,ES
1651404948075061249,nadie tiene los cojones para aplicar el plan motosierra todos se quejan del gasto pÃºblico pero nadie lo baja,Argentina,ES
1651174306926264323,vaya cojones hay que tenerlos bien puestos o estar loco de remate,Argentina,ES
1650996091720966150,fum4tr0n pero esto no es novedad esto es lo normal o a caso pensamos que todos los tienen en blanco y con jornada completa encima hay que darle las gracias al comemierda ese se trabaja con 50 grados o mÃ¡s en el invernadero en verano que lo haga el con sus cojones negrero,Argentina,ES
1650658115245752320,rinconet estos dos delincuentes no cambiaron la historia la historia la cambio quien fue el padre de la democracia un 10 de diciembre de 1983 que tuvo los cojones que uds no tuvieron de enjuiciar a un gobierno militar no seas cÃ­nica,Argentina,ARG
1650217638298017793,twittea para verle los cojones a hiroshi,Argentina,ES
1649986117809192960,me levanto en defensa de cristian que tiene la personalidad para hacer lo que le sale de los cojones ğŸ™ŒğŸ¾ğŸ™ŒğŸ¾ğŸ™ŒğŸ¾ğŸ™ŒğŸ¾ ya quisiera yo ser asÃ­ y clavarme hilo este verano god save cristian en este mundo tan inclusivo hoy critican a un cuerpo libreâ€¦ somos incongruentes como sociedad,Argentina,ES
1648770891013038080,patoma89 datazopincha tenes razÃ³n pero asi como hay gallinas cacareando por la final en madrid nosotros los pinchas guardamos con especial y dulce recuerdo como los destrozamos en el 2006 en cancha de velez en un campeonato digno de un ganador con cojones y no amargos pechos frios como boquitaabur,Argentina,ES
1648508167280816130,cojones,Argentina,ES
1645472482072068120,con la posibilidad de meter a rÃ¡mirez en el 11 inicial con quÃ© equipo te le vas a plantar a river en el monumental yo voy asÃ­ con dos cojones durso bbs morales felipe colazo steimbach miramÃ³n bolÃ­var muro soldano y tarra gelp,Argentina,ARG
1645217302491672576,hay mil teorias conspirativas contra larreta voten y dejen de joder si queres gob caba tenes q tener cojones no entrar escondido en una sabana,Argentina,ARG
1655779454927380481,estoy que flipo,Argentina,ES
1655217565176586240,y no imagines a mi lado ese futuro perfecto porque todo lo que toco yo lo acabo rompiendo y es cierto que yo lo flipo con esto pero mejor vernos menos como el sol en invierno,Argentina,ES
1652463952758972417,apis2019 terminando la segunda temporada de el reino flipo,Argentina,ES
1656333492786020352,tremendo el menÃº que arme para hoy pollo al horno con verduras y un arroz con queso de la hostia ğŸ¤¤,Argentina,ES
1653905406630961152,hoy perdÃ­ toda la tarde reclamandoâ—ï¸lpmâ—ï¸ 1ro a litoral gas xq me cambiaron de n3 a n1 en subsidio me contestaron cquier fruta entro a miargy no me reconoce dni ni mail ni hostia otro reclamo x mala segmentaciÃ³n en litoral gas y epeğŸ˜¤ conmigo no chiques se las seguirÃ©â—ï¸,Argentina,ARG
1653134937959047173,la visita de lujo al crack de ruizgerry un dÃ­a de la hostÃ­a a todo culo con vicente jdegourville leandrotorrenti y quiÃ©n escribe,Argentina,ES
1652301390432141312,dizilah la belleza de esta serie conmueve es distinta a todas y perfectamente escrita la actuaciÃ³n del elenco es impecabley pÃ¡rrafo aparte buraktozkoparan un actor de la hostia ateskuslari gulbar ilaydalisan buraktozkoparan ğŸ’ğŸ’ğŸ’ğŸ’ğŸ’ğŸ’ğŸ’ ğŸ’ğŸ‡¦ğŸ‡·ğŸ’ğŸ‡¦ğŸ‡·ğŸ’ğŸ‡¦ğŸ‡·ğŸ’,Argentina,ES
1652183054507556865,volviendo del mastersofrock reflexiono me duelen los pies la espalda la cintura en 30 y paulstanleylive se colgÃ³ de un arnÃ©s con sus 71 aÃ±os ademÃ¡s bancÃ³ unas plataformas tremendas y se mandÃ³ un show de la re hostia,Argentina,ARG
1651789084870733824,sisi una capitÃ¡n de la hostia en la final hizo que un jugador de riber no lo expulsen pedazo de capitÃ¡n te dejaba a gamba siempre,Argentina,ES
1650034481519001605,quÃ© actriz de la re hostia es mi seÃ±ora julieta dÃ­az,Argentina,ES
1649437329973551104,guadavazquez diegobranca no nos olvidamos de la fiestita de olivos guadalupe vos sos una periodista de la hostia el otro es un mercenario,Argentina,ARG
1648135099047727105,parte de ser adulto al menos para mÃ­ es reconocer que al menos un poco de aquello que nos molesta es un reflejo de nosotros mismos y que si bien es mÃ¡s fÃ¡cil echar culpas que hacerse cargo lo segundo es esencial para estar bien con uno mismo dicho esto es necesario,Argentina,ES
1647924597348605952,tiempoarg sipreba delegadosclarin pero no los indemnizaron una empresa tiene el derecho de echar empleados es un bajÃ³n salir a buscar laburo pero no se puede obligar a una empresa a mantener su planta de empleados al menos el sector privado semaneja asÃ­,Argentina,ARG
1647015318231957507,peladodecronica gerardomorales ucrnacional si no hay q dinamitar nada tenemos q achicar gastos de la polÃ­tica echar a los q no trabajan en el estado modificar las leyes laborales menos delegados por cantidad de trabajadores menos ministerios orden respeto por la ley,Argentina,ARG
1655756547073400832,y estarÃ¡ en vosotros18no os dejarÃ© huÃ©rfanos vendrÃ© a vosotros19 todavÃ­a un pocoy el mundo no me verÃ¡ mÃ¡spero vosotros me verÃ©is porque yo vivo vosotros tambiÃ©n vivirÃ©is 20en aquel dÃ­a vosotros conocerÃ©is que yo estoy en mi padrey vosotros en miy yo en vosotros,Argentina,ES
1655404185133694976,acostashowjuan Â¡sacate la gorra juan vosotros querÃ©is meter preso a todo el mundo cuando no es herrera es cristina Â¡ah pero macri claro ahora me cierra fue el prescindente de boca,Argentina,ARG
1654931667042160640,que la paz estÃ© con vosotros ğŸ˜¬â˜®ï¸,Argentina,ES
1653214743849578500,si permanecÃ©is en mÃ­ y mis palabras permanecen en vosotros pedid todo lo que querÃ©is y os serÃ¡ hecho juan 157,Argentina,ES
1652466757678800898,jesÃºs dijo sed pues vosotros perfectos como vuestro padre que estÃ¡ en los cielos es perfecto san mateo 548,Argentina,ES
1652365448531329026,hoy quiero compartir con vosotros unas palabras que mi padre de crianza mi vasquito queridome dijo cuando era estudiante de leyes se humilde por sobre todas las cosas asÃ­ lo hice aunque me jugÃ³ en contrapero con el tiempo comprobÃ© cuÃ¡nta razÃ³n tenÃ­a,Argentina,ARG
1650141309221367808,tinypanthera me gusta compartir la comida con vosotros humanosğŸ¤©ğŸ¤£ğŸ¤£,Argentina,ES
1648649887456587780,pabugamikuga larazones visitargentina flywithlevel turismobaok asÃ­ es argentina cautiva irremediablemente y uno de sus mayores valores sois vosotros sus gentes llevo viviendo en buenosaires cerca de 3 meses y gracias al visado de nÃ³madadital creado por mininteriorar estarÃ© mucho tiempo mÃ¡s florcarignanook alfredlopezrita,Argentina,ES
1648425121865175040,buenas tardes mis hermanos en cristo que la gracia de dios los bendiga a todos vosotros ğŸ˜‡ penelopewaldo moresotelo aleli26281405,Argentina,ES
1648124339441618944,si los verdaderos cambios se dan a partir de reconocer es tiempo de reconocer que el concepto sin costo o gratis no existe alguien lo estÃ¡ pagando yo tÃº Ã©l nosotros vosotros ellos hablando con claridad nos entendemos ğŸ˜‰,Argentina,ARG
1648107313994117121,va cv de gugalusto en un acto de lealtad a la patria y al movimiento intestinal brega x un paÃ­s mÃ¡s justo como querÃ­a ese gobierno de la naciÃ³n de ali baba venid y chupad todos de ellos y que la democracia sea con vosotros,Argentina,ES
1646627449092943873,no no me conformo con tan poco mejor vosotros si pero yo nunca estuve en ese monto tonto tan solo escucha lo que canto y te cuento tan solo deja que te corrija el tiempo si as echo mal al menos sabes la proxima ves no me defraudes ğŸ¤£,Argentina,ES
1646197217768751109,chenati championsleague 15 de vosotros,Argentina,ES
1645588310482468864,bdebendecida vosotros,Argentina,ES
1645257360775020556,vosotros no tenÃ©is ni putisima idea,Argentina,ES
1655982709401845778,recuerdos sin recordarğŸ‚tÃ­tulo del texto encontrÃ© en mi ordenador un cuento corto que escribÃ­ para un exÃ¡men de lengua y literatura hace unos 5 aÃ±os eso me da motivaciÃ³n a seguir aprendiendoğŸ™‚ no sÃ© imaginan la emociÃ³n que sentÃ­ al leerlo dije lo escribÃ­ yooo jaja,Argentina,ES
1655620080967860226,en el dÃ­a de hoy luciacorpacci dejÃ³ de ser el principio ordenador del justicialismo catamarqueÃ±o no hay remate,Argentina,ARG
1653170645998489602,hoy ratificamos nuestro compromiso por la generaciÃ³n de mÃ¡s oportunidades para nuestro pueblo y celebramos el trabajo como principal ordenador social para acercarnos asÃ­ a una sociedad mÃ¡s justa e igualitaria,Argentina,ES
1653048309919932418,ğŸ«‚ feliz dÃ­a a quienes dÃ­a a dÃ­a hacen grande nuestra industria a travÃ©s de su esfuerzo y trabajo dignificando su vida a travÃ©s del Ãºnico ordenador social por excelencia el trabajoâ€¼ï¸ ğŸ¤—ğŸŠğŸ‰ feliz dia a todğŸŒs los trabajadores y trabajadoras del paisâ€¼ï¸,Argentina,ARG
1653036430384414721,defendemos un modelo de paÃ­s donde el trabajo digno y con derechos sea el gran ordenador de la vida una argentina donde los que trabajan sientan el orgullo de ser el motor de la patria feliz dÃ­adeltrabajador y la trabajadora â¤ï¸âœŒğŸ½,Argentina,ARG
1653016591351574528,feliz dÃ­a del trabajador y la trabajadora ğŸ‘¨ğŸ»â€ğŸ³ğŸ§‘ğŸ½â€ğŸ’»ğŸ‘·ğŸ¾ğŸ§‘ğŸ¼â€ğŸš’ğŸ‘¨ğŸ½â€âš–ï¸ğŸ§‘ğŸ½â€âœˆï¸ el trabajo dignifica a todo ser humano es un derecho y promueve bienestar en todas las sociedades ya que es el factor ordenador por excelencia,Argentina,ES
1652999526368661504,muy feliz dÃ­a a las y los trabajadores siempre para adelante el trabajo es el ordenador social mÃ¡s importante y debe servir para la movilidad social sino no es trabajo,Argentina,ES
1652875659918692358,la generaciÃ³n de empleo hoy las empresas radicadas en el parque emplean a mÃ¡s de 1400 personas de nuestro pueblo y de localidades vecinas el trabajo como ordenador social nos garantiza la dignidad de las personas y la felicidad del pueblo Â¡feliz dÃ­a trabajadoresğŸ‘ğŸ»,Argentina,ES
1652713905519509506,santiagojfredes no santiago se pueden abrir escuelas hospitales y universidades en los mismos barrios que se construyan como hay en nordelta no tendrÃ¡n que viajar 30 km el proyecto es bueno y resuelve el problema habitacional y es ordenador juangrabois,Argentina,ARG
1652705986740641794,nuestro objetivo en cada encuentro es transmitir un mensaje muy claro apostamos al trabajo como elemento ordenador de una sociedad mÃ¡s justa y equitativa la creaciÃ³n de emprendimientos que generen trabajo genuino es una de nuestras prioridades,Argentina,ARG
1648997335886618624,sholomit1 mgorganchian y asÃ­ los registros contables e informes necesarios para administrar el imperio comercial se entendÃ­an claramente la escuela de hoy dÃ­a fue creada para proveer elementos funcionales a un gran ordenador capitalista la escritura a mano sigue siendo una competencia favorable,Argentina,ARG
1648020673497903111,1Â° jornada de cannabis medicinal e industrial de la rioja al mundo es fundamental el rol del estado como ordenador queremos hacer que esto represente una alternativa para nuestras economÃ­as regionales,Argentina,ES
1645874969212260353,ericlostie yo no paso de la primera ciudad pq el juego no me guarda el progreso y no puedo dejarlo abierto todo el dÃ­a en el ordenador ğŸ˜­,Argentina,ES
1654832387564400645,gerardo gandini y a pesar de la adolescencia dorada del chaval ya tiene edad suficiente para escucharlo y disfrutarlo suelten,Argentina,ARG
1652553894549913600,elpardua fui a la tornopleteria y habÃ­a cerrado por suerte ahÃ­ nomÃ¡s me tropecÃ© con un carnisolÃ­n de taburete que alguien habÃ­a botado en la acera Â¡enhorabuena chaval me dije y lo he adaptado con un poco de fuerza centrÃ­peta casi es un tornoplete,Argentina,ES
1654949010233278465,florcit0 son unos salchichas manipuladores sin cojones a ver hablando en serio los buenos empleados que quieran hacer hÃ­brido o remoto 100 se vana ir a otra empresa que se los permita se van a quedar con la escoria,Argentina,ES
1651404948075061249,nadie tiene los cojones para aplicar el plan motosierra todos se quejan del gasto pÃºblico pero nadie lo baja,Argentina,ES
1650658115245752320,rinconet estos dos delincuentes no cambiaron la historia la historia la cambio quien fue el padre de la democracia un 10 de diciembre de 1983 que tuvo los cojones que uds no tuvieron de enjuiciar a un gobierno militar no seas cÃ­nica,Argentina,ARG
1650217638298017793,twittea para verle los cojones a hiroshi,Argentina,ES
1648770891013038080,patoma89 datazopincha tenes razÃ³n pero asi como hay gallinas cacareando por la final en madrid nosotros los pinchas guardamos con especial y dulce recuerdo como los destrozamos en el 2006 en cancha de velez en un campeonato digno de un ganador con cojones y no amargos pechos frios como boquitaabur,Argentina,ES
1648508167280816130,cojones,Argentina,ES
1655217565176586240,y no imagines a mi lado ese futuro perfecto porque todo lo que toco yo lo acabo rompiendo y es cierto que yo lo flipo con esto pero mejor vernos menos como el sol en invierno,Argentina,ES
1652183054507556865,volviendo del mastersofrock reflexiono me duelen los pies la espalda la cintura en 30 y paulstanleylive se colgÃ³ de un arnÃ©s con sus 71 aÃ±os ademÃ¡s bancÃ³ unas plataformas tremendas y se mandÃ³ un show de la re hostia,Argentina,ARG
1650034481519001605,quÃ© actriz de la re hostia es mi seÃ±ora julieta dÃ­az,Argentina,ES
1647015318231957507,peladodecronica gerardomorales ucrnacional si no hay q dinamitar nada tenemos q achicar gastos de la polÃ­tica echar a los q no trabajan en el estado modificar las leyes laborales menos delegados por cantidad de trabajadores menos ministerios orden respeto por la ley,Argentina,ARG
1655756547073400832,y estarÃ¡ en vosotros18no os dejarÃ© huÃ©rfanos vendrÃ© a vosotros19 todavÃ­a un pocoy el mundo no me verÃ¡ mÃ¡spero vosotros me verÃ©is porque yo vivo vosotros tambiÃ©n vivirÃ©is 20en aquel dÃ­a vosotros conocerÃ©is que yo estoy en mi padrey vosotros en miy yo en vosotros,Argentina,ES
1648649887456587780,pabugamikuga larazones visitargentina flywithlevel turismobaok asÃ­ es argentina cautiva irremediablemente y uno de sus mayores valores sois vosotros sus gentes llevo viviendo en buenosaires cerca de 3 meses y gracias al visado de nÃ³madadital creado por mininteriorar estarÃ© mucho tiempo mÃ¡s florcarignanook alfredlopezrita,Argentina,ES
1648425121865175040,buenas tardes mis hermanos en cristo que la gracia de dios los bendiga a todos vosotros ğŸ˜‡ penelopewaldo moresotelo aleli26281405,Argentina,ES
1648107313994117121,va cv de gugalusto en un acto de lealtad a la patria y al movimiento intestinal brega x un paÃ­s mÃ¡s justo como querÃ­a ese gobierno de la naciÃ³n de ali baba venid y chupad todos de ellos y que la democracia sea con vosotros,Argentina,ES
1646627449092943873,no no me conformo con tan poco mejor vosotros si pero yo nunca estuve en ese monto tonto tan solo escucha lo que canto y te cuento tan solo deja que te corrija el tiempo si as echo mal al menos sabes la proxima ves no me defraudes ğŸ¤£,Argentina,ES
1645588310482468864,bdebendecida vosotros,Argentina,ES
1645257360775020556,vosotros no tenÃ©is ni putisima idea,Argentina,ES
1652713905519509506,santiagojfredes no santiago se pueden abrir escuelas hospitales y universidades en los mismos barrios que se construyan como hay en nordelta no tendrÃ¡n que viajar 30 km el proyecto es bueno y resuelve el problema habitacional y es ordenador juangrabois,Argentina,ARG
1648997335886618624,sholomit1 mgorganchian y asÃ­ los registros contables e informes necesarios para administrar el imperio comercial se entendÃ­an claramente la escuela de hoy dÃ­a fue creada para proveer elementos funcionales a un gran ordenador capitalista la escritura a mano sigue siendo una competencia favorable,Argentina,ARG
1654837576820219905,2023 y estamos viendo cÃ³mo un cura le pone una corona a un pibe cada dÃ­a ansÃ­o mÃ¡s el advenimiento de skynet,Spain,ARG
1654607833449525252,futpicante eres el mejor del mundo q disculpa guebon antes tiene q llorar por voz estas ay pibe,Spain,ARG
1654252452940529666,un flipao la piba verde que le rechaza su hermana azul con daddy issues un tonto su colega igual de boba un Ã¡rbol gymbro un mapache chetao un pibe que silba y un perro soviÃ©tico se han encargado de hacerme increÃ­blemente feliz guardianesdelagalaxia3,Spain,ES
1654199094775107607,jmbernabe el pibe que estÃ¡ en sociales pero su sueÃ±o siempre fue ser mÃ©dicoâ€¦ i know your feelings bro ğŸ˜,Spain,ARG
1651548507919065090,y esta es la historia de como el pibe de clase trabajadora le cuenta al empresario que las cosas o cambian o las cambiamos,Spain,ARG
1651347030063697927,Â¿pibe pone joder pone,Spain,ARG
1651346857874931716,la clase trabajadora pibe su vida en riesgo cada dÃ­a en el tajo en el transporte pÃºblicoâ€¦,Spain,ES
1650749555082776577,el pibe que mÃ¡s dice de baloncesto femenino,Spain,ARG
1650281874009227268,ojalÃ¡ pueda ayudar a este pibe que se quede acÃ¡ me da tan buena espina â€¦,Spain,ARG
1649695696511959040,soymanya5 no tiene fÃ­sico para jugar en primera no jodas que pongan a algÃºn pibe de la tercera que corra por lo menos,Spain,ARG
1649204710790889472,por el amor de jesus lo que juega el diablito echeverri imparable el pibe,Spain,ARG
1649073958921043969,ilzquadli oliverborgess 2010misterchip negro de mierda jajajjaaj oliverborgess que habla el pibe este ahora,Spain,ARG
1648984850232143873,trickiteazy premier no vende un beat si el proyecto o el mc no le convence yo creo que ya se conocÃ­an de otra vez y premier no es bobo sabe que ese pibe esta pegado y le interesa asi mismito,Spain,ARG
1648424562458263552,no entiendo que partido estÃ¡ viendo lampard para sacarlo a enzo quiero creer que fue un error del pibe del cartel caso contrario es muy pelotudo este pibe,Spain,ARG
1648214024843063297,rebeecaheerrero Â¿cÃ³mo Â¿el pibe dormÃ­a con su amigo,Spain,ARG
1647848347355566081,marcosbenito9 fichar al pibe de rojo gran gestoğŸ‘ğŸ»,Spain,ARG
1646427829213573120,yenygmz salva pero es buen pibe,Spain,ARG
1645483432850472961,celhfutbolbase marodmaria torneooviedocup angelleal81 cgutierrez954 sandravericat jovaniruben agusmelo77 daniclavel98 pibearb adriandc8 jordiarjona26 una persona importante e imprescindible en el club,Spain,ARG
1645479282779488284,estoy segurÃ­simo que el pibe no pensaba eso enserio ni de coÃ±a,Spain,ARG
1645401150177386498,celhfutbolbase torneooviedocup angelleal81 cgutierrez954 daniegonzalez21 daniclavel98 adriandc8 pibearb lhenjoc lhesport jovaniruben albagc5 los equipos del celhfutbolbase siendo protagonistas de uno de los mejores torneos de semana santa segunda participaciÃ³n y ya pensando en volver a repetir,Spain,ARG
1655711026208284672,cuando el mardito algoritmo de mi spotify va a entender que no me gusta una noche en medellÃ­n y tampoco la de hasta abajo la bebe parÃ¡ un poco che,Spain,ARG
1654381223827963905,crespo212 tol dia quejandoteâ€¦ che pues ponte tu a darle al pico y arregla el puente y asi lo abrimos jajajajajaajaj,Spain,ES
1653153865988972548,nuriamoreiras cesareoarturo bngcompostela mundiario gorettisrei xsanchezbugallo o carallo sacou bugallo en 2 anos q o hipi en 4 e con pandemia ca fracasou mal q che pese q fixeron a ludoteca abriuna a medias case non arreglou baches a avenida de vilagarcÃ­a foi un desastre de obra culpa deles x elexir materiais de merda grandes contratos caducadas,Spain,ES
1652394158353530880,mvbertomeu as Ã¡rbores porquÃ© non che gustan pola folla caduca onde os colocarÃ­as,Spain,ES
1652386944368746498,ivaanbojko gracias che vÃ­ a baez hoy,Spain,ARG
1651880186097303558,macumbe che volano amici22 âœ¨,Spain,ARG
1651300696233213974,che estos se re quejan del calor ğŸ¤ŒğŸ»ğŸ¤ŒğŸ»jajajajaa,Spain,ARG
1649382093086941184,chepirata1963 sanwicente las prÃ³ximas elecciones serÃ¡n 11 de julio o 18 de julio para seguir con pedro sanchez como presidente,Spain,ES
1648248066342879235,cherichefff4 buenos dÃ­as che,Spain,ARG
1647620160449069056,che ojo que a river todavÃ­a le queda jugar con los de mas arriba en la tabla casla dyj carc talleres y aaaj,Spain,ARG
1646954926810058754,valibona44 eh ma devi considerare che c ha la faccia a bischero,Spain,ARG
1646650736321740802,che que fiesta el monumental no paran de cantar y saltar no me sorprende igual,Spain,ES
1646580076031488002,pacoherran sÃ­ eso estÃ¡ clarÃ­simo una camiseta del che suele ser puro postureo sobre todo si es made in china que de comunismo no tiene nada,Spain,ES
1646569360981475328,pacoherran el comunismo no estÃ¡ en contra de la propiedad privada y menos de la propiedad privada de camisetas si la camiseta no se produce con medios privados sino colectivos tipo cooperativa por ejemplo no hay ninguna pega en vender camisetas del che,Spain,ES
1646279017606021121,miglior video della serata io che canto ti ringrazio mio signore come coro da stadio ğŸ™ğŸ¼â™¥ï¸,Spain,ARG
1645723282010779649,che hace 2 dÃ­as no me anda chat gpt a alguien mas,Spain,ARG
1645343050565050368,cherichefff4 buenos dÃ­as che,Spain,ARG
1656298698391912455,giulirossi pago mas barato x uno de dos dormitorios dos baÃ±os cocina separada y cochera en un barrio cheto en madrid estamos todos locos,Spain,ARG
1655717976287354886,charlatacticape el pecho friÃ³ de yotun se hizo la caca y no quiso enfrentar al gordito que lo increpÃ³ jajaja el Ã­dolo de los pavos y el conejo gordo querÃ­a compararlo con jefferson farfan hay que ser recontra pavo monse ğŸ¦ƒ,Spain,ARG
1654564796270796800,transporte3 esto se arreglarÃ­a haciendo un paro nacional por parte de todos tanto asalariados como autÃ³nomos a ver si a alguno de los que manda se les acaba la boludez que mÃ¡s imprescindible que hacer el boludo en la playa es que las mercancÃ­as fluyan,Spain,ES
1645814101493563392,pedofilo dalailama un boludo importante que te enseÃ±a a respirar boludo importante,Spain,ARG
1656395375828258819,este chabÃ³n estÃ¡ buscando cÃ¡mara me cae para el orto pero hace rato rato que debo decir que todo lo que me llega de argentina es muy grasamuy cachudo antes sabÃ­amos mantener un equilibrio nadie tiene buen gusto parece que lo cobraran en dÃ³lares se los digo con una mano en el ğŸ©·,Spain,ARG
1655899215476793345,dariopalacio q es lo q tengo q hacer para q me den el pasaporte espaÃ±ol como a vos,Spain,ARG
1655647089781530643,orgullo se cidade Ã© sen dereita sen conservadores casposos sen rancios machistas que aÃ±oran a Ã©poca de pajares y esteso orgullo de cidade Ã© mirar por unha compostela verde de barrio de rÃ­os limpa e non que usa o coche ata para ir de putas que Ã© o que facedes vos sucios,Spain,ES
1655468593406963712,vos y que esa mujercita no sabe cuando verse bien que indita mas,Spain,ARG
1655148552325046276,en una vino una mina y le dijo a uno de los chicos vos conocÃ­as a fulanita no un tinder con el q no hablÃ³ nunca mÃ¡s en un aÃ±o si por xq estÃ¡ muy borracha y no puede manejarte doy las llaves de su moto y ella despuÃ©s las busca ğŸ˜ Ã©l le respondiÃ³ no es un montÃ³n,Spain,ARG
1655111964912234499,por vos voy por tierra voy por cielo y voy por mar,Spain,ARG
1654891992877334528,el tipo apuesta a conseguir el mismo laburo y mejor pago en el sector privado cuando el gobierno suelte el curro de la obra pÃºblica y se haga por iniciativa privada pero vos apostÃ¡s a que el pobre vote por lo que lo hizo pobre crÃ¡neo,Spain,ARG
1654185199096274944,diesyo puede ser que la foto sea chiva y no necesariamente vos mi pensamiento inseguro,Spain,ARG
1654133139030126594,silviagomeez backbece me estoy riendo de vos con mis amigos mi ciela nos gusta ver que la vida siempre puede ser peor besote,Spain,ARG
1654119082537484288,silviagomeez martarelat no que te divertÃ­a quedaste chiquita en nada casi que espaÃ±a aguantÃ³ mÃ¡s en el mundial que vos y eso es mucho decir,Spain,ARG
1654118836709347341,silviagomeez joselitek bien por vos prÃ³ximo paso entender de quÃ© se trata el fÃºtbol mucho Ã¡nimo,Spain,ES
1653897060112900098,tremenda chapa un mitin non se pode ir de mÃ¡ximo fan e non ter nin puta idea en canto a vos traballazo coma sempre,Spain,ARG
1653554969017044992,ezequielquimer rosarino1956 cabjezadetermo fedesancci bercovichpablo dmvasco tomascanosa romanguajardook franabra6 julianphecker sergiomassa produccionarg fisfeindustria te estaba respondiendo a vos aparentemente malinterpretÃ© algo ğŸ™ƒ,Spain,ARG
1653384190598029314,dacomesana cincodiascom mano dura non todo vale polo carto sintoo capitalistas liberais pero antes morto que ver a cidade como un parque temÃ¡tico nunca como venecia nuuuncaaa psdegsantiago ou vos explicastes mal ou recuastedes dureza ante a falta de vivienda pÃºblica tampouco serÃ­a a soluciÃ³n,Spain,ES
1653221705605685249,allenderooh para vos reinaaaaaaaaaağŸ˜˜,Spain,ARG
1652888214363951106,fua que ganas de una buena gira con vos reina,Spain,ARG
1652879839098028032,xa estÃ¡n con chorradas hai cousas mais importantes ademais q ruas queredes mudar xla de xente que si fixo por santiago a esa xente apenas se coÃ±ece so entre vos como non acaso son mais importantes ca xelmirez victoria miguez ou montero rÃ­os,Spain,ES
1652828006228869126,dixeronme xente de fiar que as enquisas internas do psdegsantiago danlle a xsanchezbugallo 79 concelleiros unha baixada enorme de que vos servÃ­u dedicar millÃ³ns e millÃ³ns os bastardos explotadores d comphosteleria cambiar d parecerexplicar fatal o tema pisos turÃ­sticos,Spain,ES
1652650520912314371,cali querido vos sos mi vida,Spain,ARG
1652583703892066304,coquitaback apuntes fui en el 2014 la web del gobierno tenÃ­a todos los datos esta todo hecho para que te armes vos tu tour con todo lo que hay allÃ¡ disponible trenes tours etc,Spain,ARG
1652495208943083526,gallina91218 vos decis que entre riquelme y el var hay algo,Spain,ARG
1652237180629139456,israelanochecer tiene que haber opciones de inversiÃ³n donde colocar los flujos del comercio so vos me pagas en moneda a yo tengo que poder invertir ese flujo por mientras hago otro pago si no hay donde estacionar la moneda ala que tengo prefiero usar otra moneda quÃ© si lo tenga,Spain,ARG
1651941186473435136,kenponcer hey vos respeta mis gustos ğŸ˜’,Spain,ARG
1651250744643710980,chespi1984 ursuvargues pero vos entendisteâ€¦ sos bilingÃ¼e,Spain,ARG
1651204675197173761,susana teÃ±o moita presa necesito q vos sentedes eh inÃ©s mondase de risa es q no puedo con esta seÃ±ora jjajajsjjsj,Spain,ARG
1651162540250918912,agost1no todos sabemos que alberto nunca cortÃ³ ni pinchÃ³ una persona lo puso ahÃ­ y esa persona es la que nos trajo acÃ¡ con ese mismo argumento no podemos endilgarle el 100 de la culpa a esa derecha que vos mencionas,Spain,ARG
1650732603777904640,baubassi pmbruera agustinalocke bauti como que nunca probaste el locro y vos pedro deja se decir que sos del interior ğŸ˜µâ€ğŸ’«,Spain,ARG
1650597652436754453,psdegsantiago xsanchezbugallo non se olviden de que o sar e sarela ainda non estÃ¡n conectados falta pouco si gracias a vos si pero bueno despacio que non vaian ocorrer contratempos como no espiÃ±o mrosonf abalmarta xsanchezbugallo gonzalomuinos,Spain,ES
1650553229447507986,bajo del ascensor y me cruzo con una vecina mayor 1000 catalana yo hola cÃ³mo estÃ¡s ella muy bien vos el plan de colonizaciÃ³n sigue avanzando a pasos muy rÃ¡pidos,Spain,ES
1650268942374522881,cuando te bese sentÃ­ q vos sentiste cosaas,Spain,ARG
1649718234390593537,joseduero99 ay ğŸ¥º que bello huevon ğŸ«¶ bonito corazÃ³n en tuyo lo que no puedo creer es que apenas te la hayas visto despuÃ©s de tanto tiempo que saliÃ³ genial que compartas ese lado sensible de vos un abrazo ğŸ«‚,Spain,ARG
1649713752609095681,y vos quÃ© peinado de roberto tuviste,Spain,ARG
1649326528054939649,dementexelbolso jugÃ¡s a las 7 en la loma del orto vos llevabas 5000 gallinas,Spain,ARG
1649068902364659714,pero que decides comeplantas o edificio seguirÃ¡ tendo espacio para os veciÃ±os deixade de mentir vos o que pasa e que queredes todo para enchelo de veganos e merdas asÃ­ agora seguirÃ¡ existindo un espacio para a xente e de paso a depucoruna pagao,Spain,ES
1648349616767926272,loco entreno con un mae que es otra cosa clase clara mÃ¡s preciosa peroooo huele malğŸ¤£ como le digo que se vaya a baÃ±ar maje no sentirse vosğŸ˜®â€ğŸ’¨,Spain,ES
1648068243729334277,yulianydelva ya no soy cariÃ±oso con vos pues ğŸ–•ğŸ»,Spain,ES
1648009772564725760,rauogvs y vos no deberÃ­as de estar trabajando ğŸ¤” jajajaja,Spain,ARG
1647637990234005505,latalpamela te amo amorğŸ©µ a vos a mi muchachito si no soy la madrina no quiero nadağŸ¤£,Spain,ARG
1647522120656732163,marlaskalakaska esssque mhan dicho que tengo que tenÃ© asquito a vos feijudas parece moderadito la economÃ­a sin dar la batalla culturallo mÃ­o aunque se hunda espaÃ±a â€¦ ğŸ¤¦â€â™‚ï¸,Spain,ES
1647379327846080512,y si vos como yo dimos to por amor y perdimos ahora nos toca vivir â¤ï¸â€ğŸ©¹â¤ï¸â€ğŸ©¹,Spain,ARG
1646593206895759368,pelinlc un mÃ©dico muy desagradable me dijo una vez tenes tres enemigos en la medicina uno el paciente dos tus colegas y tres vos mismo,Spain,ARG
1646566394127843356,un millÃ³n de veces mÃ¡s cerebro que vos tiene tu hijo,Spain,ARG
1646239125358403590,massigar1 o me voy ebria que decÃ­s vos,Spain,ARG
1645943271045070849,a xustiza non actuou porque non viu nada raro esperastes meses ata que as elecciÃ³ns estivesen cerca sodes basura popularesstgo borjaverea xa dimitÃ­u e se deron explicaciÃ³ns solo vos queredes sacar merda,Spain,ES
1645806235198054400,chinchula te invito a poner fotos de los que te gustan a vos caradura lepusecucca por favor quÃ© estÃ¡ pasando,Spain,ARG
1645721103908610054,cynthiiaacj cuando te besÃ© sentÃ­ que vos sentiste coosaaa,Spain,ARG
1649090718173126656,en el trabajo hay una compu que es re lenta y se utiliza solo para gestiÃ³n de ventas la lentitud que tiene ese equipo es tremenda lo odio,Spain,ARG
1648545997927096320,jackitafer es mi juego favorito de la vida jaaja pasaba horas en la compu jugando ğŸ¥²,Spain,ARG
1646601068552376334,tengo mi compu nueva estoy muy feliz â™¥ï¸âœ¨,Spain,ARG
1646220997597462528,cÃ³mo asÃ­ que hay academias de trabajo virtual eso se enseÃ±a yo nada mÃ¡s sÃ© que me siento frente a la compu trabajo y listo no tiene ciencia ğŸ¤”,Spain,ARG
1649070402109407234,leandrotorrenti y la mortadela quÃ© es ese ninguneo con uno de los pocos embutidos que se banca solito un sanguche,Spain,ARG
1655577814031106049,freeman35g la 30 todavÃ­a no salio pibe y todavÃ­a falta para la 21,Spain,ARG
1655287864026972160,fernandezpablo lo que tirÃ³ de globant aparte de hijo de puta ni saben mentir en los primeros 3 meses un pibe que reciÃ©n entra es un lastre para el resto que le tiene que enseÃ±ar no tiene sentido entrenar a alguien para largarlo,Spain,ARG
1654252452940529666,un flipao la piba verde que le rechaza su hermana azul con daddy issues un tonto su colega igual de boba un Ã¡rbol gymbro un mapache chetao un pibe que silba y un perro soviÃ©tico se han encargado de hacerme increÃ­blemente feliz guardianesdelagalaxia3,Spain,ES
1653719239465873408,culongatetonga mirate un video de gameplay del man ese yo tengo ahorradas 83 tiradas para cuando salga el pibe estoy aguantando las ganas fuertes de tirar,Spain,ARG
1650281874009227268,ojalÃ¡ pueda ayudar a este pibe que se quede acÃ¡ me da tan buena espina â€¦,Spain,ARG
1649882275037708288,haterskelter igual a este pibe no hay que tomÃ¡rselo en serio es intencionalmente pelotudo,Spain,ARG
1649204710790889472,por el amor de jesus lo que juega el diablito echeverri imparable el pibe,Spain,ARG
1649067110734221313,palomafdz605 anarc1970 pedromlatuff natynatyferro pues no le mires la cara al pibe que te caes de culo ğŸ˜‚ğŸ˜‚ğŸ˜‚,Spain,ARG
1649063955652804611,palomafdz605 pedromlatuff natynatyferro peligro es el pibe con veinte maletas y que va a la 24b va haciendo carambola con el c y e de cada pasillo y llega a su fila y no tiene sitio ah incluido el bolso de arpillera de cuadros medio rojo tirando a rosa ğŸ˜‚ğŸ˜‚,Spain,ARG
1648860137585537025,goooooooooooooooooooooooooooooollllll vamos pibe,Spain,ARG
1648386535731986438,rccelta estrellagalicia el pibe que hace 4 dÃ­as se ha dejao 80 pavos en la segunda camiseta,Spain,ES
1648214024843063297,rebeecaheerrero Â¿cÃ³mo Â¿el pibe dormÃ­a con su amigo,Spain,ARG
1647210920609710081,pibemarcio juanfromspain1 soycamarero iban a montar el club de los pesimistas pero desistieron porque no creen que funcionarÃ­a,Spain,ARG
1646427829213573120,yenygmz salva pero es buen pibe,Spain,ARG
1645490747473563648,me voy a morir del pibe que hace de ringo en la serie de ringo,Spain,ARG
1655465155742912512,anibalgarzon un soldadito boliviano no es hermano del che no eso no es verdad el che pijo progre de la Ã©poca y cero empatÃ­a por nadie fue un asesino sin compasiÃ³n hermano Ã©l de un soldadito amos anda,Spain,ES
1654577485542047748,duniesquispizz cubanalidice shadowsofgreys anahurtado86 lostinpit1 dicastillob evilluendasc katrinadecuba emicuba nachedcuba alelross198 zurdobo7 vivan marx engels fidel el che vilma espÃ­n raÃºl y dÃ­az canel vivan los pueblos que luchan por el socialismo alapatriamanosycorazÃ³n â¤ï¸ğŸ‡¨ğŸ‡º,Spain,ARG
1654475886547152900,che amigo cambeirothiago no se puede inventar una nueva ley cambeiro para el nivel internacional,Spain,ARG
1654212710790311936,antonioabadg para el neocomunismo tb nazis no hay mÃ¡ximo los 50 d san isidro defensores del comunismo como vd ojo q inventaron la homofobia y campos d concentraciÃ³n para homosexuales bajo el lema del che el trabajo os harÃ¡ hombres muchos lo suyo es como judÃ­o defiendiendo a hitler,Spain,ES
1653800582803488768,lfilodelabrecha Â¿es un apodo del infecto niÃ±o pijo homofÃ³bico aka chÃ© guevara,Spain,ARG
1653327082242318338,no che o chen te ra,Spain,ES
1653299250019663875,chepirata1963 paganamaite abulelrafas ansar es mÃ¡s de anal,Spain,ARG
1652386944368746498,ivaanbojko gracias che vÃ­ a baez hoy,Spain,ARG
1652218200350752770,no che ochen tera ğŸ¶,Spain,ARG
1651706850096685057,che alguien puede cantar el himno con un poco mÃ¡s de entusiasmo se canta a viva voz nadie se tiene por quÃ© fijar si desafinas o no a los gritos carajo âœŠï¸,Spain,ARG
1651652962744147976,chimomodsounds me da mucha pena por la fiel aficiÃ³n che pero tiene todo muy mala pinta mucho Ã¡nimo amunt valencia y lim go home,Spain,ES
1651645749115998208,pulsotac flechadel78 hpititiminisky tranquilo che ni que te hubiera invadido el espÃ­ritu santo,Spain,ARG
1651488435863973888,cappizzz che y vos nievestomadinn no te queda algÃºn amigo menos retrasado en stock buscate amigos normales o aprendÃ© a defenderte sola hermana porque este dispenser de cringe de pedo puede hilar una oraciÃ³n,Spain,ES
1651300696233213974,che estos se re quejan del calor ğŸ¤ŒğŸ»ğŸ¤ŒğŸ»jajajajaa,Spain,ARG
1650953786012102670,no sÃ© un poco che ğŸ˜…ğŸ˜‚,Spain,ARG
1650481892087549953,pabloechenique superrostar podemos para cuando derribamos la estatua del che en leganes memoria histÃ³rica sipara todos,Spain,ES
1650418907663024128,borjamiguelok 12maibj che moooy bueno una usina de simbolismo esa biblioteca tenÃ©s obra social intelectual y emocional in aetÃ©rnum encima te tirÃ© ese tweet irÃ³nicamente justo estoy con gautier y me sirviÃ³ para tirar el chiste nunca pensÃ© que encontrarÃ­a tal feedback,Spain,ARG
1650158775376936961,como ya dijo el che a los comunistas sÃ³lo nos echan del poder pies pa lante,Spain,ARG
1649896309850095619,maguicmps che pero aunque sea un golazo como anÃ©cdota paranormal eso es una alucinaciÃ³n hipnopÃ³mpica que pueden ser visuales auditivas o incluso tÃ¡ctiles como en tu caso y una de las caracterÃ­sticas es que justamente crees estar completamente consciente,Spain,ES
1649874287770124289,alexiscubells delivery hasta madrid pÃ­o no hay che cuate ğŸ˜©,Spain,ES
1649452666391523328,che Â¿y de quÃ© hablan ustedes los fanÃ¡ticos de los autos respuesta mÃ¡s improbable de bancar a taylor swift,Spain,ARG
1649150314379968512,che se acuedan que jajajajjaaa venian a jajajajajaja para para jajajajaja venian a poner a la argentina de pie,Spain,ARG
1649076366833250308,perroscalleok che vamos a ver catupecu como cuando eramos adolescentes en villa gesell tienen fecha en madrid besos a todos,Spain,ARG
1648640580887388160,jacserj yolandadiaz ya fue el che y le intento asesinar la cia,Spain,ARG
1648454879638335489,es mÃ¡s creo quÃ© hay un momento de la charla en la que maslatÃ³n se da cuenta de eso y dice algo como che que bien este programa me encantÃ³,Spain,ES
1648248066342879235,cherichefff4 buenos dÃ­as che,Spain,ARG
1648175438328479745,macabrofandango che y vos sos agradecele al algoritmo de twitter que te podemos leer y darte tus 15 segundos de atenciÃ³n blowhard,Spain,ARG
1647620160449069056,che ojo que a river todavÃ­a le queda jugar con los de mas arriba en la tabla casla dyj carc talleres y aaaj,Spain,ARG
1646650736321740802,che que fiesta el monumental no paran de cantar y saltar no me sorprende igual,Spain,ES
1646509924074102785,todonoticias uuuufa yo me crie en ese barrio jugÃ¡bamos en la calle yo estaba con mis amigs ivamos a lanplaza alsina a la vereda de cualquier amiguit que cagada che como esta el barrio una tristezağŸ˜«,Spain,ARG
1646300987248852992,impresionante como no jugamos a nada che ğŸ’”,Spain,ARG
1646279017606021121,miglior video della serata io che canto ti ringrazio mio signore come coro da stadio ğŸ™ğŸ¼â™¥ï¸,Spain,ARG
1645723282010779649,che hace 2 dÃ­as no me anda chat gpt a alguien mas,Spain,ARG
1645698784666501120,crisalidemalva se sono con la condizionale gli anni non sono tanti lo stesso ğŸ¤“vado che perdo el uber ğŸ’ƒğŸ‘‹ğŸ‘‹,Spain,ARG
1645343050565050368,cherichefff4 buenos dÃ­as che,Spain,ARG
1656298698391912455,giulirossi pago mas barato x uno de dos dormitorios dos baÃ±os cocina separada y cochera en un barrio cheto en madrid estamos todos locos,Spain,ARG
1653726046204600321,que la gente haga caso omiso el que seas estÃºpido ser blanco hegemÃ³nico y cheto no son mÃ©ritos de nada y no deberÃ­an ser razÃ³n de orgullo ni mucho menos algo a que aspirar espero que con esto se vayan rescatando de a poco hay tiempo â±ï¸,Spain,ES
1653726042060890112,amo que por fin se dieron cuenta de que es pelada aspirar a ser cheto y tomar cualquier camino para lograrlo hasta vanagloriar a un partido polÃ­tico que esta matando gente mientras le maquillas a la princesa de la narcopolitica en tu paÃ­s ser hegemÃ³nico ya no alcanza para,Spain,ARG
1653724104443277313,espero que ahora con magno como ejemplo vean lo triste aburrido sin identidad y sin un Ã¡pice de amor propio que se ve aspirar constantemente a ser cheto no hay ko nada de bueno que rescatar me da pena que la gente venda su moral por dinero da asco y pena,Spain,ES
1650772843678842882,dÃ­ganme na que el cheto wan na be que se las quiere dar de proxeneta va a terminar preso por favor,Spain,ARG
1655965152179630081,pablomarzocca lo comprarÃ­a sin dudarlo porque lo recontra vale pero ahora que me bannearon el eshop esta off limits,Spain,ARG
1652705208244359168,isaijosetc asÃ­ me estÃ¡s diciendo desde hace 2 aÃ±os recontra bcrro jeje,Spain,ARG
1651935481091768321,recontra crack haaland pero lo que hacÃ­a el batipibe en el united de esa Ã©poca era majestuoso,Spain,ARG
1650193967449866240,la pasividad actual del pueblo venezolano es digna de estudio ğŸ“š vivimos sobre la mayor riqueza petrolera existente esta recontra comprobado por el mismo rÃ©gimen que son criminalmente corruptos el 90 sobrevive de milagro y nadie se arrecha nos volvimos mansos libertad,Spain,ARG
1655290313311748098,mamugringa es la primera vez que lo leo y nada puede ser peor que esta primera impresiÃ³n espero que sea un forro porque no se puede ser tan boludo,Spain,ARG
1653142943555805185,escuchar a lit killah con acento venezolano me acaba de arreglar la vida aguante argentina el diego y la droga boludo,Spain,ARG
1652813460982448132,entonces eso el lobby asunceno de la oposiciÃ³n es una poronga porque la gente se sigue llenando la boca de yo ayudo desde donde puedo y las campaÃ±as polÃ­ticas se hacen en instagram y twitter medio boludo parece pero la gente que tiene mÃ¡s educaciÃ³n a veces es la mÃ¡s tonta,Spain,ARG
1652798299017969666,excarnaka aleixsais siempre esta el boludo q te dice como tenes q comer si es vegano tiene pinton ese bocatağŸ¤—,Spain,ARG
1652580880240594944,damianp laspinal azoradamente podrÃ­as haber googleado y no quedar como un boludo,Spain,ARG
1652225910550982663,frannunesecon sos un boludo importanteâ€¦,Spain,ARG
1651132482597666818,bareaiv lucas33984 kingsleague boludo tenes la foto de tiger dejate de joder,Spain,ARG
1649871566258184193,jajajajajajajja boludo no puede ser que paÃ­s lleno de oportunidades,Spain,ARG
1648451226105970688,laurix73 hugh grant siempre me va a parecer un boludo sÃ³lo por eso,Spain,ES
1656054698867130370,yanilatorre hola vos vivÃ­s de lo mismo de hablar mal de todo el mundo y de meterte en la vida de los demÃ¡s cararota sinescrupulos cÃ³mprate una vida sos nefasta ğŸ« ,Spain,ARG
1655943782477737987,desde que mi musa para un desamor sos vos siento que escribo malâ€¦ âœï¸,Spain,ARG
1655825063818436608,en mi casa tengo discos y cosas que no me hacen mal despuÃ©s de muerto nene vos me vendrÃ¡s a visitar,Spain,ARG
1655636285057294355,ahfjla gusnoriega en esta fantasÃ­a tuya la nena violada no le quiere contar a los padres y si a su ginecÃ³logo pero vos pensas que yendo junto a ella al ginecÃ³logo eso cambiarÃ­a es muy curioso como razonan uds,Spain,ARG
1655562547540422663,elexdetuvieja para vos,Spain,ES
1655343413334626304,vamosriver tomala vos damela a mi el que no salta muriÃ³ aquÃ­ ğŸ’ªğŸ”,Spain,ARG
1655249611735416834,fdalmaud vos y tus preguntas gente aburrida es buenÃ­sima menos mal que hay personas buena onda que te las responden ğŸ˜‹ğŸ˜‰,Spain,ES
1654891992877334528,el tipo apuesta a conseguir el mismo laburo y mejor pago en el sector privado cuando el gobierno suelte el curro de la obra pÃºblica y se haga por iniciativa privada pero vos apostÃ¡s a que el pobre vote por lo que lo hizo pobre crÃ¡neo,Spain,ARG
1654842857767723009,martulity verote ahhh vos decis que yo no la banco porque aun soy re joven,Spain,ARG
1654761448797528066,natales15 incluso si eso hubiera pasado no aportaba absolutamente nada tenes a susan sarandon y lo mÃ¡ximo a ll que aspiras es a generar un momento gracioso para vos a costa suya,Spain,ARG
1654628517315788800,nerdnq5 yo me fijo mucho el momento porque si te da bola a vos se le pueden ir 20 al humo depende el lugar y el contexto,Spain,ARG
1654628200050315264,susanette yo extraÃ±o te voy a hablar a vos que no estÃ¡s trabajando solo porque puedo acceder a vos y lo hare hablÃ¡ndote sobre mi,Spain,ARG
1654618124379889664,ramiromarra un poco como vos ramiro pero sin la parte del retardo,Spain,ARG
1654578084060774404,la gente que dice esta gente no me representa por la gente que se esta manifestando y la verdad que nadie te tiene que representar deberÃ­as hacerlo vos mismo e a asÃ­ gua u vamos que na ser representantes de los demÃ¡s pe nde kaiguevekena,Spain,ARG
1654553602751340544,jalguater nataliataffarel sos vos porque obvias lo que es para que sea lo que queres que sea esta todo ahÃ­ afuera no es un secreto hace lo que quieras con eso,Spain,ARG
1654195639041794053,regmati o cambiar de carril cuando vos estas fÃ­sicamente ocupando el carril te ponen el giro cuando ya empezÃ³ la maniobra gracias ya me di cuenta cuando vi tu auto encima mÃ­o,Spain,ARG
1654185199096274944,diesyo puede ser que la foto sea chiva y no necesariamente vos mi pensamiento inseguro,Spain,ARG
1654118237930389505,gabrielhlucero pero lo hiciste vos no entiendo,Spain,ARG
1653885508127162370,garciahelen vos para cuando rubia,Spain,ES
1653857672830111747,luisfreina terrible vos no hay x quiÃ©n votar,Spain,ES
1653856176721764354,luisfreina lgp asÃ­ estaba viendo vos,Spain,ARG
1653765150107742213,labicivoladora lo tragicÃ³mico no es eso sino como la actitud y la mirada de ella incluso el enfoque explÃ­cito del si vos hacÃ©s la tuya yo hago la mÃ­a denotan que va a tomar fafu como manera de manipularlo a paÃ©z bÃ¡sicamente la pintaron de merquera y de pasada de manipuladora cine ğŸš¬ğŸš¬,Spain,ARG
1653740148922646528,itrangoni vos mÃ¡s que nadie sabÃ©s que es cierto lq digo ğŸ˜”,Spain,ARG
1653710485781397504,vos ponele amor a todo aunque la vida duela â¤ï¸,Spain,ARG
1653582299231838210,nokauy jskja ofendidÃ­sima sÃ­ avril yo me educo soy acadÃ©mica vos en cambio sos uruguaya otaku y burra despuÃ©s dicen que la vida no castiga dos veces abz,Spain,ARG
1653479797509505031,y vos que tal por tu casa bonita ğŸ¤•ğŸ¤®,Spain,ARG
1653380862577131520,enriquevp y quÃ© aquÃ­ los Ãºnicos idiotas e ignorantes son los que fueron a votar nuevamente por los rojos o los que vendieron su voto o los que alteraron las votaciones para que ganen nuevamente y vos carlosviveroscv no te da vergÃ¼enza defender algo indefendible Â¡vendido,Spain,ARG
1653322501764575232,desde ese momento hasta hoy pasaron 11 aÃ±os increÃ­ble vos y tu hermano son lo mejor de mi vida ğŸ§¡ feliz cumple clarita enana de mi corazÃ³n â¤ï¸ que sea feliz feliz y mÃ¡s feliz ğŸ‚ğŸ‰ fdalmaud,Spain,ARG
1653213351399284737,se cree traqueto papi vos no llegas ni a bobo d los mandados,Spain,ARG
1653069086031478787,belbozzolo antisocialego en cambio las matemÃ¡ticas son de carÃ¡cter acumulativo y eso es lo que hace que si un profesor es ineficiente al momento de explicar las estructuras a vos te resulte difÃ­cil no pasa con ninguna otra materia excepto con lenguas extranjeras que tambiÃ©n son materias acumulativas,Spain,ARG
1653068938605936641,belbozzolo antisocialego se me ocurre una analogÃ­a boludÃ­sima pero didÃ¡ctica si una profesora de historia te cuenta quÃ© hizo san martin en chile sin contarte cÃ³mo cruzÃ³ los andres vos vas a aprender igual a lo sumo te faltarÃ¡ una parte de la historia que la podÃ©s aprender cuando quieras,Spain,ARG
1652836714400841729,quienes no tuvimos educaciÃ³n de nivel universitario en un paÃ­s donde eso es un privilegio de clase vos te vas a la catÃ³lica y yo te tengo que dar cÃ¡tedra puedo ko pero que paja me dan,Spain,ARG
1652808391721451522,lauraharkins lanamontalban mirÃ¡ vos,Spain,ARG
1652602510585077760,lunepolar me viÃ¡l reti ğŸ˜‚â¤ï¸ğŸŒ² y vos,Spain,ARG
1652495208943083526,gallina91218 vos decis que entre riquelme y el var hay algo,Spain,ARG
1652457557087191040,me puse chimbita pa que vos me presumas,Spain,ARG
1652432594380759040,a besar me enseÃ±Ã³ tu mujer y vos lo sabes,Spain,ARG
1652430335538282497,angyarq avelaci melkfecito jajaja vos llegando a la gasolinera ğŸ˜‚ğŸ˜‚ğŸ˜‚ğŸ˜‚ğŸ˜‚ğŸ˜‚,Spain,ARG
1652351305980018703,lachechu86 chatrucjose2 claro q si aportarian aparte uno no puede ser como serian los demas sino no serias vos mismo los ee sanlo tambien aportan,Spain,ARG
1652336209295802368,licer67 tenemos que planificar un finde dÃ©jate llevar por vos ğŸ‘ğŸ»ğŸ’ƒğŸ•ºğŸ»,Spain,ARG
1652335787159986179,superporfiada esto de llevo de regalo a vos rocha,Spain,ARG
1652327560980692995,caromaiorano es raro porque la que me dice que no soy empatico educado y si ordinario sin conocerme y sin que nada de lo que haya escrito indique eso sos vos yo sÃ³lo opino sobre lo que escribÃ­s igual no tengo ganas de discutir tu ofensa asÃ­ que buen dÃ­a,Spain,ARG
1652323675515805703,alebc32946038 caromaiorano julianmatas0378 ale asÃ­ queda claro que ahora si te estoy contestando a vos no tenes idea como funciona twitter ya me mandaste a cagar dos veces por cosas que no te conteste a vos leete un tutorial y no me rompas las bolas,Spain,ARG
1652323045585944578,caromaiorano vos le llamas empatÃ­a a ir con tu vida abc1 a contarle a alguien que apenas llega a fin de mes que su laburo es una mierda que lo largue y ya busque algo glamoroso baja de tu nube de pedos,Spain,ARG
1652322562997735425,alebc32946038 es muy difÃ­cil hablar con alguien que dice algo y al siguiente tuit dice que no y vos lo hiciste 3 veces seguidas buen disco,Spain,ARG
1652289998966644738,caromaiorano que buena que sos caro gracias a vos no se van a cagar ni de frÃ­o ni de calor sÃ³lo de hambre,Spain,ARG
1652276724195786752,caromaiorano no es el punto ya en otro tuit hablaste de desempolvar cajas tu problema no es con la precariedad sino con lo que a vos te darÃ­a vergÃ¼enza hacer,Spain,ARG
1652243019083415553,soycaita arieldiaco pero vos todavÃ­a no te fuiste a dormir,Spain,ARG
1652240448671342592,hay gordito la vida tenia algo mejor para vosğŸ˜ğŸ§¡,Spain,ES
1652237180629139456,israelanochecer tiene que haber opciones de inversiÃ³n donde colocar los flujos del comercio so vos me pagas en moneda a yo tengo que poder invertir ese flujo por mientras hago otro pago si no hay donde estacionar la moneda ala que tengo prefiero usar otra moneda quÃ© si lo tenga,Spain,ARG
1652009990629081089,doorbell51 si me sacan la vulva que de paso me saquen el lÃ³bulo frontal cerebral y te lo pongan a vos asÃ­ por lo menos entendÃ©s una ironÃ­a mamita,Spain,ARG
1651982051552243715,ximenagarciabl redcarolina jasanahuja indirahuilca alachanheidy edblanconic avillagran502 anogal juamartinezo asaraviapadern eliotfzc adaraja fedefilartiga saskianino duartejr emiliouio vos mÃ¡s ğŸ’•,Spain,ARG
1651977441110380549,huszzky vos no tenes espejo en tu casa poseado,Spain,ARG
1651974528761724928,pisaconmigo lulesglam yo lo habÃ­a interpretado como no le jode que ganes mÃ¡s pero hasta esto puedo llegar yo ahora que te leo me parece que es como decÃ­s vos,Spain,ARG
1651941186473435136,kenponcer hey vos respeta mis gustos ğŸ˜’,Spain,ARG
1651730123157041158,la campaÃ±a se centra en venderla como la estadista y le suben el rating a milei Â¿entienden que a ningÃºn polÃ­tico de ningÃºn partido les interesa una mierda la pobreza inflaciÃ³n dÃ³lar y que vos te cagues de hambre estÃ¡n en campaÃ±a,Spain,ARG
1651705719039590402,ya no es necesario tener onlyfans escribeme y con depÃ³sito en mi cuenta de banco te paso por privado telegram o hacemos videollamada como vos elija y me podrÃ¡s ver sin censura,Spain,ARG
1651653085276545027,ventedigo1 ğŸ¤£ğŸ¤£ğŸ¤£ğŸ¤£ vos ti sÃ­ que eres,Spain,ARG
1651651140272922634,tengo el orgullo a flor de piel te admiro tanto najwanimri tu trabajo interpretacionesmagistrales solo reservadas para las grandes y vos sos una de esas vamos por mas,Spain,ARG
1651648314322845696,cerianipablo ni yo cuando grite un gol en un 1 a 7 fui tan vergonzoso como vos,Spain,ARG
1651488435863973888,cappizzz che y vos nievestomadinn no te queda algÃºn amigo menos retrasado en stock buscate amigos normales o aprendÃ© a defenderte sola hermana porque este dispenser de cringe de pedo puede hilar una oraciÃ³n,Spain,ES
1651270585022816259,drakarins que idiotez decÃ­s milite con la oposiciÃ³n y cuando vÃ­ descerebrados como vos dije para que lucharla por gente mediocre como vos,Spain,ARG
1651263653142839297,estebanbullrich sos una gran persona esteban ojalÃ¡ haya alguno mÃ¡s como vos pero es casi imposible hacer acuerdos genuinos con quienes dÃ­a a dia destruyen este paÃ­s admiro tu fortaleza que dios te bendiga siempre,Spain,ARG
1651250744643710980,chespi1984 ursuvargues pero vos entendisteâ€¦ sos bilingÃ¼e,Spain,ARG
1651174694094086145,vallenora bombitadarin y a vos que te hace pensar que no lo conozco,Spain,ARG
1651162540250918912,agost1no todos sabemos que alberto nunca cortÃ³ ni pinchÃ³ una persona lo puso ahÃ­ y esa persona es la que nos trajo acÃ¡ con ese mismo argumento no podemos endilgarle el 100 de la culpa a esa derecha que vos mencionas,Spain,ARG
1651001303001190400,a dÃ³nde voto el domingo para que me gobiernes vos mi amorrrr,Spain,ARG
1650963241227415564,guscasals mechiboue faltan ianveneno srodriguezrey y vos dear guscasals igual les sacamos el cuero a las tres ğŸ˜‚,Spain,ARG
1650951236575719443,nahuelsosa ay nahuel si queres convencer a alguien aparte de los 3 trasnochados que ya piensan como vos vas s tener que hacerlo mejor que esto,Spain,ARG
1650932100843839516,mira si vos vas a venir a hablar de ciencia y fundamentos cagados desde la auto percepciÃ³n cuando sos prÃ³fugo del yodo todo lo que este fulano escupe es fundamentalismo de la auto percepciÃ³n,Spain,ARG
1650914486927212552,juansolia1 samuel9856789 carlosmaslaton sergiomassa vos me estas diciendo que cristina no esta en este gobierno te juro que se me hace muy difÃ­cil entenderte,Spain,ARG
1650896532772618240,hola amigo leandrotorrenti vos que tenÃ©s llegada al chiqui tapia le podes pedir que organice un campeonato normal 20 equipos ida y vuelta sin promedios harto de casi 21 aÃ±os explicandole a amigos y compis de laburo de acÃ¡ nuestra liga gracias por adelantado,Spain,ARG
1650870516796870656,inthraval lucasrojo habla por vos yo me ducho una vez por mes,Spain,ARG
1650766669868855296,pablomm quieres saber de historia mira apunta en el dÃ­a de hoy cautivo y desarmado el ejÃ©rcito rojo han alcanzado las tropas na cionales sus Ãºltimos objeti vos militares la guerra ha terminado el generalÃ­simo franco burgos 1Â° abril 1939 a mamarla,Spain,ES
1650766580001787904,quieres saber de historia mira apunta en el dÃ­a de hoy cautivo y desarmado el ejÃ©rcito rojo han alcanzado las tropas na cionales sus Ãºltimos objeti vos militares la guerra ha terminado el generalÃ­simo franco burgos 1Â° abril 1939 a mamarla,Spain,ES
1650582988290138121,piedrasmarcos marcos tomÃ³ algo contra a indignaciÃ³n porque para que un luns vos poÃ±ades a stremear e algo gordo â€¦,Spain,ARG
1650535843671470080,ğŸ“·compartimos algunas imÃ¡genes de la actividad de la noche de los libros23 dios y vos en la carlosdeamberes ğŸ“·disfrutamos de una velada con una selecciÃ³n de poesÃ­a mÃºsica y danza del siglo xv en torno al marquÃ©s de santillana ciagarcilasos armoniamadrid barbaraming,Spain,ES
1650454487255875586,gonsanchezrey te crees cualquier estupidezâ€¦ahhh sos vos perdÃ³n nadaâ€¦,Spain,ARG
1650364824499388416,joacoboca transgresor era rimbaud que recitaba obscenidades y escribÃ­a muera dios en las paredes de charleville a los 16 en los aÃ±os 1800 no vos santi que bardeÃ¡s a los beatles en tik tok la concha de tu madre,Spain,ARG
1650316518926737408,borjamiguelok 12maibj simbolismo francÃ©s no entrar a twitter y ver a alguien citando un fragmento de la comÃ©die de la mort de thÃ©ophile gautier me devuelve la fe en la humanidad por mÃ¡s jÃ³venes como vos,Spain,ARG
1650056370555699202,milkstrology me chupan un huevo vos y tu planta acuario,Spain,ARG
1650040475200438275,ser swiftie es saber que todos tus exes van a pensar en vos si escuchan por ahÃ­ cualquier tema de taylor es nuestro tim mvgraw el ciclo estÃ¡ cerrado,Spain,ARG
1649867306128793601,nunca seas el esnob que le quita el deseo a los otros nunca seas el que le dice a otro ese destino es muy clichÃ© ah hasta aquÃ­ nomas te vas o ese vino que tomÃ¡s es muy ordinario nunca seas el que excluye o aleja y si ya lo sos lo siento por vos reflexionedenviaje,Spain,ARG
1649832680203190277,santipatico si este viejo de 36 pudo hacer algo vos podes tambiÃ©n,Spain,ARG
1649815684086415362,agu5t1n4 ezemoliina20 si no te gusta que otros opinen diferente que vos entonces no publiques tu vida en redes o hacelo de forma privada queda claro que tu hijo estÃ¡ educado por vos que sos capaz de agredir a alguien que no le parece graciosa ni tierna tu publicaciÃ³n,Spain,ARG
1649533861477351426,te dedico la fÃ³rmula de maluma y marc y si es para vos y si es la Ãºltima que te dedico ğŸ”—ğŸ’š,Spain,ARG
1649473058606809088,no me gusta estar enojada con vos pedime perdÃ³n,Spain,ARG
1649454957844725761,feerry94 soytheryhus wallstwolverine pero que vas a saber vos volver al frasco de donde saliste las sarta de estupideces que escribÃ­s,Spain,ARG
1649384429024886788,martinredrado horaciorlarreta sino no me lo bancaba al pelado rosca antes ahora te sumas vos invotables,Spain,ARG
1649078245948551168,luciano12625306 clarincom ademÃ¡s me gusta hacer un poco de caridad con los retrasados mentales como vos alegra mis dÃ­as,Spain,ARG
1649028249819725824,dsg1987 clarincom pero vos crees que eso solo pasa en argentina acÃ¡ tenes una guerra con amenaza nuclear creo que eso no se compara no la situaciÃ³n que vive europa con la guerra entre china y estados unidos vs rucia ucraniana no tiene comparaciÃ³n alguna,Spain,ARG
1648924579740495874,angyarq yo a vos mi angys,Spain,ARG
1648453396930924544,sergiomassa rolofigueroa weretilneck sergio para cuando ellos asuman vos ya vas a estar exiliado en alfa centauri,Spain,ARG
1648269761007038464,luzcalezcano blda vos te reÃ­s pero es cierto laburÃ© casi 2 aÃ±os en una cadena de golosinas en ba y en ese momento no te das cuenta xq te cebas con tanto chocolate a mano maginate el cajoncito de mi mesita de luz estaba full de chocolates y dulcesğŸ¤£ no dejen el ejercicio plsâ¤ï¸â€ğŸ”¥ los amo,Spain,ARG
1648211172192141314,sebamartino pilarabente raquelbritez sussymongelos dieguinhososa trabajar de por si ya es un privilegio de clase no tenes idea de lo que decÃ­s sos tan tavy que las chicas se estÃ¡n mofando de vos con todo el derecho,Spain,ARG
1648175438328479745,macabrofandango che y vos sos agradecele al algoritmo de twitter que te podemos leer y darte tus 15 segundos de atenciÃ³n blowhard,Spain,ARG
1648009772564725760,rauogvs y vos no deberÃ­as de estar trabajando ğŸ¤” jajajaja,Spain,ARG
1647941677066207234,rrffss jajajajaja vos confia que luego llega ğŸ˜‚â¤ï¸,Spain,ARG
1647910335234318337,ayer mi ex me dijo que me iban hacer ğŸ’© pero ese no mas que vos me salio del corazon jajaja no soporto ver como me llenaron de amor el dia de mi cumpleaÃ±os ğŸ¥°,Spain,ARG
1647678627574677505,superpibaar apadeaautismo panaacea mjolivan autismoargentin siempre se habla de autismo sobre todo ahora que todo ser diferente es autista hasta a mi me diagnosticaron autismo por ser antisocial y detestar grupos y multitudes sin embargo no lo soy solo que la gente es impertinente con otra que ni conoce como vos por ejemplo,Spain,ARG
1647673990482219010,fjbescos ğŸ˜˜ hola ahora que veo tu foto habÃ­as sido lindo vos eh,Spain,ARG
1647522120656732163,marlaskalakaska esssque mhan dicho que tengo que tenÃ© asquito a vos feijudas parece moderadito la economÃ­a sin dar la batalla culturallo mÃ­o aunque se hunda espaÃ±a â€¦ ğŸ¤¦â€â™‚ï¸,Spain,ES
1646957744845357056,tu presencia marcÃ³ en mi vida el amor lo sÃ© es difÃ­cil pensar en vivir ya sin vos corazÃ³n sin dios dame un lugar en ese mundo tibio casi real,Spain,ARG
1646948912068980738,armesillaconde zelenskyyua escuchame mark ruffalo hippie vos prentendes que le regalen el paÃ­s,Spain,ARG
1646898725778751489,alejand12864392 theredsolo justicia poÃ©tica como si no hubiera una historia de censura y opresiÃ³n hacia las personas racializadas por gente como vos me da vergÃ¼enza ser varon cis,Spain,ARG
1646841188819906561,culpar a otrxs de lo que no querÃ©s asumir de vos mismx es tan mala idea cÃ³mo hacer que todo estÃ¡ bien cuando las emociones te estÃ¡n consumiendo por dentro ğŸ™„,Spain,ARG
1646657795268173826,javierornella apuntes fgnunez mesch 22xtjuan no sirve el ejemplo vos traccionas con los pies un auto con las ruedas el aviÃ³n lo hace con las turbinas,Spain,ARG
1646632890048954370,nachiin01 ceciarmy una especie de adiestramiento yo soy instructora canina y eso es maltrato no educaciÃ³n el Ãºnico haciendo el ridiculo aca sos vos,Spain,ARG
1646593206895759368,pelinlc un mÃ©dico muy desagradable me dijo una vez tenes tres enemigos en la medicina uno el paciente dos tus colegas y tres vos mismo,Spain,ARG
1646593064943734786,ndiomio 3 semanas salimos y fue un imbecil y el si que el mÃ¡s afectado ha ndopavei la ipedo mental de que yo fui su ex amigo en que momento piko yo fui tu novio nde tavy legalmente encima terapeuta vos ko no haces terapia deja de mentirte que ojekuaa arupiete la trauma,Spain,ES
1646584008980004865,cachowar ciscopage tngmÃ¡s de 30 salas de cine a 10 minutos andando incluidas mÃ¡s de 15 en vos un lidl un aldi un mercadona un carrefour grande y otro 24h y 4 pequeÃ±os 3 dÃ­as bares no t quiero contar todo muy relativo si defiende la calidad de vida de las afueras de otra manera q se puede,Spain,ES
1646510133059395584,luisrodriguezrm de verdad mereces todo lo que pasa y agradece que en argentina con inflaciÃ³n o sin inflaciÃ³n siempre hay un tejido polÃ­tico social que trata de hacer lo que puede con la manga de mierda de ciudadanos brutos que tiene por quÃ© si vos hoy estÃ¡s en eeuu vivÃ­s en la calle,Spain,ARG
1646395143354810370,la frivolidad de las redes vos llegas a 7 millones de visualizaciones y nadie dice nada a pero pelas la polla y el culo y es una avalancha de msj y reacciones cosa que jamÃ¡s podrÃ© entender ğŸ«¤,Spain,ES
1646394237422915585,montoya1960 gusnoriega abrosler no sÃ³lo orcos nunca falta quien argumenta que harias vos si x,Spain,ES
1646260753689718785,yakkook n3ri yo entiendo esto mismo que vos,Spain,ARG
1646011523377111042,timoratos cosmeluichito justamente los octÃ³gonos como estÃ¡n implementados no hacen esto no tienen como referencia ninguna dieta estandarizada vos podes tener dos productos con distinto aporte calÃ³rico y que diga exceso de calorÃ­a en ambos,Spain,ARG
1645512168677298179,que placer poder estar con vos cattaneohernan en liverpool un lugar tan importante y presente en tu carrera este aÃ±o llega beplaying una serie mostrando el lado b de los mejores djs del mundo disneyplusla starplusla,Spain,ARG
1645434116312125440,kinjorp antes pusiste y en tins supuse q quisiste poner jeans o pantalones vaqueros no se como le dirÃ¡s vosâ€¦,Spain,ARG
1645422694169554944,kinjorp a vos te quedarÃ­a pintado pero no creo q sea el lugar adecuado,Spain,ARG
1651176982892167169,brother siempre he querido tener una compu como la que tengo ahora y es tan satisfactorio a pesar que me endeudÃ© como loco la mejor inversiÃ³n siempre,Spain,ARG
1649090718173126656,en el trabajo hay una compu que es re lenta y se utiliza solo para gestiÃ³n de ventas la lentitud que tiene ese equipo es tremenda lo odio,Spain,ARG
1646895519778652162,formateando mi compu blanca ğŸ‘‹,Spain,ARG
1646220997597462528,cÃ³mo asÃ­ que hay academias de trabajo virtual eso se enseÃ±a yo nada mÃ¡s sÃ© que me siento frente a la compu trabajo y listo no tiene ciencia ğŸ¤”,Spain,ARG
